STATEFIPS,STATE,zipcode,agi_stub,N1,mars1,MARS2,MARS4,PREP,N2,NUMDEP,TOTAL_VITA,VITA,TCE,VITA_EIC,RAL,RAC,ELDERLY,A00100,N02650,A02650,N00200,A00200,N00300,A00300,N00600,A00600,N00650,A00650,N00700,A00700,N00900,A00900,N01000,A01000,N01400,A01400,N01700,A01700,SCHF,N02300,A02300,N02500,A02500,N26270,A26270,N02900,A02900,N03220,A03220,N03300,A03300,N03270,A03270,N03150,A03150,N03210,A03210,N03230,A03230,N03240,A03240,N04470,A04470,A00101,N17000,A17000,N18425,A18425,N18450,A18450,N18500,A18500,N18800,A18800,N18300,A18300,N19300,A19300,N19500,A19500,N19530,A19530,N19550,A19550,N19570,A19570,N19700,A19700,N20800,A20800,n21020,a21020,N04800,A04800,N05800,A05800,N09600,A09600,N05780,A05780,N07100,A07100,N07300,A07300,N07180,A07180,N07230,A07230,N07240,A07240,N07220,A07220,N07260,A07260,N09400,A09400,N85770,A85770,N85775,A85775,N09750,A09750,N10600,A10600,N59660,A59660,N59720,A59720,N11070,A11070,N10960,A10960,N11560,A11560,N06500,A06500,N10300,A10300,N85530,A85530,N85300,A85300,N11901,A11901,N11902,A11902
50,VT,5001,2,1070,700,200,140,420,1630,370,50,20,30,0,30,180,250,39167,1070,39873,940,31677,250,115,150,475,140,357,80,38,150,1722,120,175,100,1094,170,2729,0,40,158,180,1207,30,247,330,706,20,5,20,228,60,181,40,167,180,189,0,0,0,0,160,2592,6105,70,781,120,176,40,39,150,604,0,0,160,804,110,553,0,0,0,0,30,22,0,0,100,167,30,119,0,0,1050,23035,1040,2902,0,0,80,53,340,270,50,3,50,26,60,62,140,21,160,151,0,0,120,283,80,215,90,260,50,32,1050,4533,150,265,110,208,100,122,30,27,30,17,940,2632,960,2964,0,0,0,0,160,269,890,1814
50,VT,5001,3,590,250,260,70,280,1150,300,0,0,0,0,0,70,170,36304,590,36881,530,29186,230,109,130,512,120,390,120,70,100,997,110,180,80,881,120,2985,0,30,120,130,1821,40,348,230,577,40,9,0,0,30,197,50,216,120,140,30,49,0,0,210,3261,12790,40,409,190,454,0,0,190,879,60,29,210,1373,160,875,30,47,30,4,20,39,0,0,140,238,40,310,0,0,590,24552,590,3519,0,0,30,65,230,290,40,3,40,19,40,50,50,8,140,204,50,22,70,176,30,106,40,187,20,22,590,4476,0,0,0,0,20,22,40,39,0,0,570,3229,580,3430,0,0,0,0,110,220,460,1215
50,VT,5001,4,350,90,240,30,190,790,200,0,0,0,0,0,30,120,30367,350,31023,320,23162,160,124,100,514,90,347,100,71,80,1343,80,479,60,714,100,2582,0,0,0,70,1365,0,0,160,656,0,0,0,0,0,0,0,0,70,73,0,0,0,0,190,3356,16205,30,241,180,606,0,0,180,968,0,0,190,1589,140,859,0,0,0,0,50,70,0,0,130,377,40,201,0,0,350,21863,350,3225,0,0,0,0,150,229,40,5,30,19,20,39,0,0,90,140,0,0,70,227,0,0,0,0,0,0,350,3834,0,0,0,0,0,0,0,0,0,0,350,2997,350,3254,0,0,0,0,90,293,250,798
50,VT,5001,5,450,70,370,0,230,1200,380,0,0,0,0,0,30,150,58800,450,59651,400,43912,260,411,160,1305,140,1018,180,170,100,1783,130,1520,80,1784,120,4391,0,0,0,100,2207,50,1539,230,851,30,8,0,0,50,422,20,108,110,116,0,0,0,0,340,7647,46313,20,277,340,1972,0,0,330,2182,40,30,340,4195,280,1894,0,0,0,0,0,0,0,0,260,868,50,441,0,0,450,45004,450,7582,0,0,0,0,230,334,60,12,60,32,50,85,0,0,100,123,40,31,90,314,0,0,0,0,0,0,450,8430,0,0,0,0,0,0,50,49,0,0,440,7249,450,7631,0,0,0,0,130,615,290,1262
50,VT,5001,6,80,0,70,0,60,200,50,0,0,0,0,0,0,40,25767,80,26212,70,13692,60,116,50,1020,50,811,30,45,30,1041,50,2983,20,975,20,1109,0,0,0,20,673,30,3226,30,445,0,0,0,0,0,0,0,0,0,0,0,0,0,0,80,3979,24808,0,0,80,1837,0,0,80,826,0,0,80,2692,60,419,0,0,0,0,0,0,0,0,70,549,0,0,0,0,80,21111,80,5269,60,580,0,0,40,74,30,12,0,0,0,0,0,0,0,0,0,0,20,139,0,0,0,0,0,0,80,5439,0,0,0,0,0,0,0,0,0,0,80,5040,80,5314,30,21,40,104,40,607,30,455
50,VT,5031,1,80,60,30,0,40,90,0,0,0,0,0,0,0,50,922,80,975,50,654,40,29,0,0,0,0,0,0,40,378,0,0,0,0,0,0,0,0,0,0,0,0,0,30,53,0,0,0,0,0,0,0,0,0,0,0,0,0,0,0,0,550,0,0,0,0,0,0,0,0,0,0,20,124,0,0,0,0,0,0,0,0,0,0,0,0,0,0,0,0,30,225,30,24,0,0,0,0,0,0,0,0,0,0,0,0,0,0,0,0,0,0,0,0,0,0,0,0,0,0,60,96,30,40,0,0,0,0,0,0,0,0,30,23,40,53,0,0,0,0,0,0,40,62
50,VT,5031,2,50,30,0,0,30,90,60,0,0,0,0,0,0,0,1858,50,1989,40,1247,0,0,40,108,40,59,0,0,0,0,40,15,40,575,30,603,0,0,0,0,0,0,0,40,131,0,0,0,0,0,0,0,0,0,0,0,0,0,0,0,0,0,0,0,30,71,0,0,0,0,0,0,0,0,0,0,0,0,0,0,0,0,0,0,30,19,0,0,0,0,40,942,40,119,0,0,0,0,40,35,0,0,0,0,0,0,0,0,20,27,0,0,50,114,0,0,0,0,0,0,50,228,0,0,0,0,0,0,0,0,0,0,30,104,40,141,0,0,0,0,40,61,30,108
50,VT,5031,3,50,20,30,0,30,90,0,0,0,0,0,0,0,20,3100,50,3100,40,2154,20,7,0,0,0,0,30,18,20,200,0,0,0,0,0,0,0,0,0,50,723,30,1519,0,0,0,0,0,0,0,0,0,0,0,0,0,0,0,0,40,836,1564,0,0,0,0,0,0,40,170,0,0,20,217,30,231,0,0,0,0,0,0,0,0,0,0,0,0,0,0,40,2034,40,281,0,0,0,0,0,0,20,2,0,0,0,0,0,0,0,0,0,0,0,0,0,0,0,0,0,0,40,358,0,0,0,0,0,0,0,0,0,0,40,262,40,299,0,0,0,0,0,0,50,146
50,VT,5031,4,0,0,0,0,0,0,0,0,0,0,0,0,0,0,0,0,0,0,0,0,0,0,0,0,0,0,0,0,0,0,0,0,0,0,0,0,0,0,0,0,0,0,0,0,0,0,0,0,0,0,0,0,0,0,0,0,0,0,0,0,0,0,0,0,0,0,0,0,0,0,0,0,0,0,0,0,0,0,0,0,0,0,0,0,0,0,0,0,0,0,0,0,0,0,0,0,0,0,0,0,0,0,0,0,0,0,0,0,0,0,0,0,0,0,0,0,0,0,0,0,0,0,0,0,0,0,0,0,0,0,0,0,0,0,0,0,0,0,0,0,0,0,0
50,VT,5031,5,50,0,40,0,30,120,40,0,0,0,0,0,0,20,10085,50,10376,30,3372,40,83,30,716,30,580,0,0,0,0,30,1145,0,0,0,0,0,0,0,0,0,0,0,20,291,0,0,0,0,0,0,0,0,0,0,0,0,0,0,40,1634,8973,0,0,40,512,0,0,40,444,0,0,40,1046,20,239,0,0,0,0,0,0,0,0,30,149,0,0,0,0,50,7284,50,1543,0,0,0,0,20,18,0,0,0,0,0,0,0,0,0,0,0,0,0,0,0,0,0,0,0,0,50,1934,0,0,0,0,0,0,0,0,0,0,40,1485,40,1630,0,0,0,0,20,196,0,0
50,VT,5031,6,0,0,0,0,0,0,0,0,0,0,0,0,0,0,0,0,0,0,0,0,0,0,0,0,0,0,0,0,0,0,0,0,0,0,0,0,0,0,0,0,0,0,0,0,0,0,0,0,0,0,0,0,0,0,0,0,0,0,0,0,0,0,0,0,0,0,0,0,0,0,0,0,0,0,0,0,0,0,0,0,0,0,0,0,0,0,0,0,0,0,0,0,0,0,0,0,0,0,0,0,0,0,0,0,0,0,0,0,0,0,0,0,0,0,0,0,0,0,0,0,0,0,0,0,0,0,0,0,0,0,0,0,0,0,0,0,0,0,0,0,0,0,0
50,VT,5032,1,410,300,60,50,190,510,110,30,30,0,0,0,40,130,4896,410,4965,280,3217,90,37,50,81,50,54,0,0,80,509,60,146,50,300,70,537,0,0,0,30,38,0,0,90,69,0,0,0,0,0,0,0,0,20,14,0,0,0,0,30,410,399,30,218,0,0,0,0,30,111,0,0,30,137,0,0,0,0,0,0,0,0,0,0,0,0,30,88,0,0,180,1065,180,110,0,0,0,0,40,10,20,0,0,0,0,0,0,0,0,0,0,0,70,85,0,0,0,0,0,0,350,635,120,223,90,180,50,54,0,0,0,0,160,100,220,195,0,0,0,0,50,47,310,484
50,VT,5032,2,330,210,90,30,150,540,120,0,0,0,0,0,50,70,12218,330,12369,300,10208,80,29,30,80,30,62,40,11,40,533,0,0,30,259,40,616,0,50,144,60,381,0,0,90,151,20,5,0,0,0,0,0,0,40,40,0,0,0,0,50,646,1881,0,0,50,60,0,0,40,170,0,0,50,232,50,252,0,0,0,0,30,31,0,0,40,70,0,0,0,0,330,7004,330,884,0,0,30,27,100,69,0,0,0,0,0,0,80,11,60,48,0,0,40,90,40,129,50,165,40,27,330,1472,50,99,40,75,40,71,0,0,0,0,300,816,310,927,0,0,0,0,50,71,280,611
50,VT,5032,3,180,60,100,20,90,380,100,0,0,0,0,0,30,70,11073,180,11254,160,8578,60,29,40,118,60,71,40,23,30,256,30,128,30,413,40,825,0,20,64,50,687,40,174,70,181,0,0,0,0,40,142,30,103,30,37,0,0,0,0,60,935,3511,30,223,60,111,0,0,60,272,30,11,60,390,50,290,0,0,0,0,0,0,0,0,30,78,0,0,0,0,180,7241,180,1002,0,0,0,0,70,100,0,0,30,14,40,51,0,0,40,57,30,5,20,46,0,0,0,0,0,0,180,1252,0,0,0,0,0,0,40,37,0,0,170,901,180,958,0,0,0,0,40,78,140,364
50,VT,5032,4,130,30,110,0,70,340,90,0,0,0,0,0,0,40,11479,130,11743,130,9529,50,24,20,18,0,0,40,26,30,566,20,-16,20,348,30,586,0,0,0,20,518,0,0,60,264,0,0,0,0,0,0,0,0,30,40,0,0,0,0,60,1064,4895,0,0,50,168,0,0,50,276,0,0,60,457,50,302,0,0,0,0,0,0,0,0,30,116,30,254,0,0,130,8129,130,1159,0,0,0,0,60,99,20,5,0,0,0,0,0,0,40,59,0,0,30,96,0,0,0,0,0,0,130,1455,0,0,0,0,0,0,0,0,0,0,130,1060,130,1176,0,0,0,0,30,73,100,341
50,VT,5032,5,110,0,110,0,90,290,90,0,0,0,0,0,0,50,14374,110,14736,120,12686,70,60,50,1269,50,1141,50,52,30,1320,50,1553,20,463,40,1241,0,0,0,30,668,30,981,60,362,0,0,0,0,0,0,0,0,30,34,0,0,0,0,90,1894,11638,0,0,110,1123,0,0,90,565,0,0,90,1102,80,603,0,0,0,0,0,0,0,0,70,158,0,0,0,0,110,11002,110,1822,0,0,0,0,70,90,0,0,0,0,0,0,0,0,30,30,0,0,20,95,0,0,0,0,0,0,110,2055,0,0,0,0,0,0,0,0,0,0,110,1758,110,1883,0,0,0,0,50,786,70,361
50,VT,5032,6,20,0,0,0,0,50,0,0,0,0,0,0,0,0,10727,20,10727,0,0,0,0,0,0,0,0,0,0,0,0,0,0,0,0,0,0,0,0,0,0,0,0,0,0,0,0,0,0,0,0,0,0,0,0,0,0,0,0,0,20,883,10190,0,0,0,0,0,0,20,208,0,0,20,819,0,0,0,0,0,0,0,0,0,0,0,0,0,0,0,0,20,9700,20,2572,0,0,0,0,0,0,0,0,0,0,0,0,0,0,0,0,0,0,0,0,0,0,0,0,0,0,20,2365,0,0,0,0,0,0,0,0,0,0,20,1665,20,2669,0,0,0,0,0,0,0,0
50,VT,5033,1,540,380,100,60,210,730,160,90,40,50,20,20,60,170,6455,540,6576,390,4869,100,47,60,117,50,80,0,0,90,689,50,37,40,221,80,606,0,0,0,40,53,0,0,100,121,0,0,0,0,0,0,0,0,0,0,0,0,0,0,30,352,381,0,0,0,0,0,0,20,68,0,0,30,80,0,0,0,0,0,0,0,0,0,0,0,0,0,0,0,0,220,1374,220,149,0,0,0,0,50,13,0,0,0,0,0,0,20,3,0,0,0,0,80,106,40,110,40,118,0,0,460,969,170,378,140,322,80,98,20,19,20,23,200,135,250,242,0,0,0,0,60,43,420,762
50,VT,5033,2,430,250,100,90,180,750,220,0,0,0,0,0,80,100,15673,430,15981,380,12603,90,38,50,156,50,71,50,21,60,1069,40,27,40,332,60,990,30,60,203,80,510,30,261,120,308,0,0,0,0,50,196,30,105,80,70,0,0,0,0,70,839,2605,40,286,70,76,0,0,60,177,30,13,70,259,60,300,0,0,0,0,0,0,0,0,50,89,40,211,0,0,420,8669,420,1075,0,0,50,25,180,138,0,0,0,0,30,27,70,11,110,86,0,0,50,174,40,132,40,157,50,31,420,1892,100,196,80,150,60,96,0,0,0,0,360,937,380,1160,0,0,0,0,70,137,350,881
50,VT,5033,3,230,90,120,20,110,470,130,0,0,0,0,0,40,60,13822,230,14168,200,11174,70,20,40,302,40,251,50,37,40,371,40,152,30,345,50,658,0,0,0,50,627,0,0,80,346,0,0,0,0,0,0,0,0,50,45,0,0,0,0,80,1192,4571,20,201,70,170,0,0,70,266,0,0,80,451,60,307,0,0,0,0,40,50,0,0,30,46,0,0,0,0,220,9138,220,1254,0,0,0,0,100,140,40,2,40,17,40,47,20,3,60,101,30,30,30,106,0,0,0,0,0,0,220,1593,0,0,0,0,0,0,30,28,0,0,220,1114,220,1240,0,0,0,0,40,119,180,465
50,VT,5033,4,140,50,100,0,80,340,90,0,0,0,0,0,30,40,12389,140,12569,130,9418,60,24,30,334,30,299,30,22,30,433,20,122,30,466,40,870,0,0,0,30,611,0,0,70,180,40,9,0,0,0,0,20,83,30,32,0,0,0,0,60,1095,5588,0,0,60,241,0,0,60,255,30,9,60,502,50,281,0,0,0,0,0,0,0,0,50,129,20,147,0,0,140,8951,140,1300,0,0,0,0,60,101,0,0,40,16,0,0,0,0,40,71,0,0,20,70,0,0,0,0,0,0,140,1617,0,0,0,0,0,0,0,0,0,0,140,1199,140,1279,0,0,0,0,30,79,110,396
50,VT,5033,5,130,0,110,0,70,320,100,0,0,0,0,0,0,60,16100,130,16472,110,11901,70,33,60,1088,50,975,60,57,40,416,40,7237,30,648,40,1453,0,0,0,40,870,20,555,80,372,0,0,0,0,0,0,0,0,30,37,0,0,0,0,90,1833,10977,0,0,80,467,0,0,80,454,0,0,90,949,90,553,0,0,0,0,0,0,0,0,60,120,0,0,0,0,130,12411,130,2023,0,0,0,0,60,107,20,6,0,0,0,0,0,0,30,46,0,0,20,87,0,0,0,0,0,0,130,2271,0,0,0,0,0,0,0,0,0,0,130,1950,130,2038,0,0,0,0,50,1255,90,367
50,VT,5033,6,30,0,20,0,20,70,0,0,0,0,0,0,0,0,16375,30,16375,20,4283,30,40,0,0,0,0,0,0,0,0,0,0,0,0,0,0,0,0,0,0,0,20,1788,0,0,0,0,0,0,0,0,0,0,0,0,0,0,0,0,30,1376,16174,0,0,30,1096,0,0,30,244,0,0,30,1352,0,0,0,0,0,0,0,0,0,0,20,185,0,0,0,0,30,14776,30,3535,0,0,0,0,0,0,0,0,0,0,0,0,0,0,0,0,0,0,0,0,0,0,0,0,0,0,30,2765,0,0,0,0,0,0,0,0,0,0,30,3424,30,3479,0,0,0,0,0,0,0,0
50,VT,5034,1,80,60,0,0,40,110,40,0,0,0,0,0,0,40,921,80,921,60,699,0,0,0,0,0,0,0,0,0,0,0,0,0,0,20,336,0,0,0,0,0,0,0,0,0,0,0,0,0,0,0,0,0,0,0,0,0,0,0,0,0,0,0,0,0,0,0,0,0,0,0,0,0,0,20,107,0,0,0,0,0,0,0,0,0,0,0,0,0,0,30,200,30,21,0,0,0,0,0,0,0,0,0,0,0,0,0,0,0,0,0,0,30,47,0,0,0,0,0,0,70,144,30,63,30,50,0,0,0,0,0,0,30,19,40,40,0,0,0,0,0,0,70,115
50,VT,5034,2,40,50,0,0,30,60,0,0,0,0,0,0,0,0,1378,40,1429,40,1267,0,0,30,102,30,101,0,0,40,188,0,0,0,0,0,0,0,0,0,0,0,0,0,40,51,0,0,0,0,0,0,0,0,0,0,0,0,0,0,30,395,1403,0,0,20,45,0,0,20,94,0,0,30,146,0,0,0,0,0,0,0,0,0,0,0,0,0,0,0,0,40,787,40,100,0,0,0,0,0,0,0,0,0,0,0,0,0,0,0,0,0,0,0,0,0,0,0,0,0,0,40,184,0,0,0,0,0,0,0,0,0,0,40,94,40,114,0,0,0,0,0,0,50,109
50,VT,5034,3,20,0,50,0,0,40,0,0,0,0,0,0,0,0,1299,20,1299,40,2399,40,12,0,0,0,0,20,13,0,0,0,0,0,0,0,0,0,0,0,30,480,0,0,0,0,0,0,0,0,0,0,0,0,0,0,0,0,0,0,0,0,0,0,0,0,0,0,0,0,0,0,0,0,0,0,0,0,0,0,0,0,0,0,0,0,0,0,0,0,0,20,861,20,115,0,0,0,0,0,0,0,0,0,0,0,0,0,0,0,0,0,0,0,0,0,0,0,0,0,0,20,148,0,0,0,0,0,0,0,0,0,0,20,107,20,111,0,0,0,0,40,96,0,0
50,VT,5034,4,20,0,0,0,30,50,30,0,0,0,0,0,0,30,1898,20,2005,0,0,0,0,0,0,0,0,0,0,0,0,0,0,0,0,0,0,0,0,0,0,0,0,0,30,107,0,0,0,0,0,0,0,0,0,0,0,0,0,0,0,0,0,0,0,0,0,0,0,0,0,0,0,0,0,0,0,0,0,0,0,0,0,0,0,30,74,0,0,0,0,20,1350,20,200,0,0,0,0,40,37,0,0,0,0,0,0,0,0,0,0,0,0,0,0,0,0,0,0,0,0,20,195,0,0,0,0,0,0,0,0,0,0,20,178,20,201,0,0,0,0,0,0,30,73
50,VT,5034,5,30,0,30,0,0,70,0,0,0,0,0,0,0,0,4228,30,4228,30,2869,0,0,0,0,0,0,0,0,0,0,0,0,0,0,0,0,0,0,0,0,0,0,0,0,0,0,0,0,0,0,0,0,0,0,0,0,0,0,0,20,601,3405,0,0,20,176,0,0,20,194,0,0,20,376,20,155,0,0,0,0,0,0,0,0,0,0,0,0,0,0,30,3293,30,599,0,0,0,0,0,0,0,0,0,0,0,0,0,0,0,0,0,0,0,0,0,0,0,0,0,0,30,688,0,0,0,0,0,0,0,0,0,0,30,587,30,594,0,0,0,0,0,0,0,0
50,VT,5034,6,0,0,0,0,0,0,0,0,0,0,0,0,0,0,0,0,0,0,0,0,0,0,0,0,0,0,0,0,0,0,0,0,0,0,0,0,0,0,0,0,0,0,0,0,0,0,0,0,0,0,0,0,0,0,0,0,0,0,0,0,0,0,0,0,0,0,0,0,0,0,0,0,0,0,0,0,0,0,0,0,0,0,0,0,0,0,0,0,0,0,0,0,0,0,0,0,0,0,0,0,0,0,0,0,0,0,0,0,0,0,0,0,0,0,0,0,0,0,0,0,0,0,0,0,0,0,0,0,0,0,0,0,0,0,0,0,0,0,0,0,0,0,0
50,VT,5035,1,110,80,20,0,40,130,0,0,0,0,0,0,0,30,1395,110,1425,70,1062,20,6,0,0,0,0,0,0,0,0,0,0,0,0,30,318,0,0,0,20,119,0,0,30,30,0,0,0,0,0,0,0,0,20,13,0,0,0,0,20,339,732,0,0,0,0,0,0,0,0,0,0,20,79,0,0,0,0,0,0,0,0,0,0,0,0,0,0,0,0,50,398,50,43,0,0,0,0,0,0,0,0,0,0,0,0,0,0,0,0,0,0,30,40,0,0,0,0,0,0,90,164,40,57,30,47,0,0,0,0,0,0,50,38,60,66,0,0,0,0,20,15,80,106
50,VT,5035,2,80,40,30,0,30,130,50,0,0,0,0,0,40,20,2954,80,2984,80,2487,40,31,0,0,0,0,0,0,50,262,0,0,0,0,0,0,0,30,130,0,0,0,0,20,30,0,0,0,0,0,0,0,0,0,0,0,0,0,0,0,0,0,0,0,0,0,0,0,0,0,0,0,0,0,30,126,0,0,0,0,0,0,0,0,0,0,0,0,0,0,80,1544,80,196,0,0,0,0,40,17,0,0,0,0,0,0,0,0,30,25,0,0,0,0,0,0,0,0,0,0,80,338,0,0,0,0,0,0,0,0,0,0,70,185,70,210,0,0,0,0,0,0,70,151
50,VT,5035,3,60,30,40,0,30,100,0,0,0,0,0,0,0,20,3374,60,3500,40,2313,0,0,40,203,40,117,30,11,0,0,40,59,0,0,20,447,0,0,0,30,629,0,0,40,126,0,0,0,0,0,0,0,0,0,0,0,0,0,0,30,564,1974,0,0,50,88,0,0,50,213,0,0,30,228,0,0,0,0,0,0,0,0,0,0,0,0,0,0,0,0,50,2187,50,288,0,0,0,0,40,54,0,0,0,0,0,0,0,0,0,0,0,0,0,0,0,0,0,0,0,0,50,352,0,0,0,0,0,0,0,0,0,0,50,269,50,288,0,0,0,0,40,65,30,98
50,VT,5035,4,30,0,20,0,30,60,20,0,0,0,0,0,0,20,2277,30,2277,20,1708,20,2,0,0,0,0,0,0,0,0,0,0,0,0,0,0,0,0,0,0,0,0,0,0,0,0,0,0,0,0,0,0,0,0,0,0,0,0,0,0,0,0,0,0,0,0,0,0,0,0,0,0,0,0,30,187,0,0,0,0,0,0,0,0,40,95,0,0,0,0,30,1649,30,233,0,0,0,0,0,0,0,0,0,0,0,0,0,0,0,0,0,0,0,0,0,0,0,0,0,0,30,297,0,0,0,0,0,0,0,0,0,0,30,225,30,235,0,0,0,0,0,0,30,123
50,VT,5035,5,30,0,20,0,0,60,0,0,0,0,0,0,0,0,3448,30,3448,20,2598,0,0,0,0,0,0,0,0,0,0,0,0,0,0,0,0,0,0,0,0,0,0,0,0,0,0,0,0,0,0,0,0,0,0,0,0,0,0,0,20,442,2861,0,0,20,121,0,0,20,129,0,0,20,251,0,0,0,0,0,0,0,0,0,0,0,0,0,0,0,0,30,2701,30,470,0,0,0,0,0,0,0,0,0,0,0,0,0,0,0,0,0,0,0,0,0,0,0,0,0,0,30,495,0,0,0,0,0,0,0,0,0,0,30,443,30,469,0,0,0,0,0,0,0,0
50,VT,5035,6,0,0,0,0,0,0,0,0,0,0,0,0,0,0,0,0,0,0,0,0,0,0,0,0,0,0,0,0,0,0,0,0,0,0,0,0,0,0,0,0,0,0,0,0,0,0,0,0,0,0,0,0,0,0,0,0,0,0,0,0,0,0,0,0,0,0,0,0,0,0,0,0,0,0,0,0,0,0,0,0,0,0,0,0,0,0,0,0,0,0,0,0,0,0,0,0,0,0,0,0,0,0,0,0,0,0,0,0,0,0,0,0,0,0,0,0,0,0,0,0,0,0,0,0,0,0,0,0,0,0,0,0,0,0,0,0,0,0,0,0,0,0,0
50,VT,5036,1,130,90,30,0,60,160,30,0,0,0,0,0,0,50,1462,130,1487,90,1015,30,8,20,47,0,0,0,0,40,282,0,0,0,0,20,85,20,0,0,0,0,0,0,30,25,0,0,0,0,0,0,0,0,20,17,0,0,0,0,0,0,0,0,0,0,0,0,0,0,0,0,0,0,0,0,0,0,0,0,0,0,0,0,0,0,0,0,0,0,0,50,326,50,38,0,0,0,0,0,0,0,0,0,0,0,0,0,0,20,18,0,0,30,48,20,71,20,77,0,0,100,189,50,92,40,76,20,21,0,0,0,0,50,35,60,61,0,0,0,0,40,26,90,144
50,VT,5036,2,130,70,40,30,60,210,40,0,0,0,0,0,50,40,4876,130,4940,110,3589,30,4,20,54,40,58,0,0,0,0,40,89,50,517,30,573,0,30,104,50,277,20,1193,30,64,0,0,0,0,0,0,0,0,0,0,0,0,0,0,30,498,1150,30,232,30,36,0,0,30,91,0,0,30,133,20,116,0,0,0,0,0,0,0,0,0,0,0,0,0,0,130,2723,130,332,0,0,0,0,40,40,0,0,0,0,0,0,30,4,0,0,0,0,0,0,0,0,0,0,0,0,130,554,0,0,0,0,0,0,0,0,0,0,120,294,120,326,0,0,0,0,0,0,110,235
50,VT,5036,3,80,40,50,0,40,160,50,0,0,0,0,0,0,50,5046,80,5159,70,3543,30,4,30,93,30,51,40,15,30,294,30,59,0,0,40,757,0,0,0,40,631,0,0,40,113,0,0,0,0,0,0,0,0,30,24,0,0,0,0,30,500,1901,0,0,30,63,0,0,30,134,0,0,30,199,20,131,0,0,0,0,0,0,0,0,50,115,0,0,0,0,80,3292,80,454,0,0,0,0,50,65,0,0,0,0,0,0,0,0,30,41,0,0,30,73,0,0,0,0,0,0,80,527,0,0,0,0,0,0,0,0,0,0,80,410,80,452,0,0,0,0,30,69,50,125
50,VT,5036,4,40,0,30,0,20,90,0,0,0,0,0,0,0,0,3568,40,3568,40,2555,20,12,0,0,0,0,0,0,0,0,0,0,20,443,0,0,0,0,0,0,0,0,0,0,0,0,0,0,0,0,0,0,0,0,0,0,0,0,0,20,415,1952,0,0,20,74,0,0,20,112,0,0,20,188,20,119,0,0,0,0,0,0,0,0,0,0,0,0,0,0,40,2538,40,361,0,0,0,0,0,0,30,2,0,0,0,0,0,0,0,0,0,0,0,0,0,0,0,0,0,0,40,438,0,0,0,0,0,0,0,0,0,0,40,340,40,358,0,0,0,0,0,0,30,84
