country,population,density,land_area,med_age,urb_pop,aged_65_older,aged_70_older,cvd_death_rate,diabetes_prevalence,extreme_poverty,female_smokers,gdp_per_capita,handwashing_facilities,hospital_beds_per_100k,male_smokers,median_age,stringency_index
china,1439323776.0,153.0,9388211.0,38.0,0.61,10.640999999999998,5.928999999999999,261.899,9.74,0.7,1.9,15308.712,,4.34,48.4,38.7,
india,1380004385.0,464.0,2973190.0,28.0,0.35,5.989,3.4139999999999997,282.28,10.39,21.2,1.9,6426.674,59.55,0.53,20.6,28.2,76.07
united_states,331002651.0,36.0,9147420.0,38.0,0.83,15.413,9.732000000000001,151.089,10.79,1.2,19.1,54225.445999999996,,2.77,24.6,38.3,
indonesia,273523615.0,151.0,1811570.0,30.0,0.56,5.319,3.053,342.86400000000003,6.32,5.7,2.8,11188.743999999999,64.204,1.04,76.1,29.3,
pakistan,220892340.0,287.0,770880.0,23.0,0.35,4.495,2.78,423.031,8.35,4.0,2.8,5034.708,59.607,0.6,36.7,23.5,
brazil,212559417.0,25.0,8358140.0,33.0,0.88,8.552,5.06,177.96099999999998,8.11,3.4,10.1,14103.452,,2.2,17.9,33.5,
nigeria,206139589.0,226.0,910770.0,18.0,0.52,2.7510000000000003,1.4469999999999998,181.013,2.42,,0.6,5338.454000000001,41.949,,10.8,18.1,
bangladesh,164689383.0,1265.0,130170.0,28.0,0.39,5.098,3.262,298.003,8.38,14.8,1.0,3523.9840000000004,34.808,0.8,44.7,27.5,
russia,145934462.0,9.0,16376870.0,40.0,0.74,14.177999999999999,9.392999999999999,431.29699999999997,6.18,0.1,23.4,24765.953999999998,,8.05,58.3,39.6,
mexico,128932753.0,66.0,1943950.0,29.0,0.84,6.857,4.321000000000001,152.783,13.06,2.5,6.9,17336.468999999997,87.84700000000001,1.38,21.4,29.3,
japan,126476461.0,347.0,364555.0,48.0,0.92,27.049,18.493,79.37,5.72,,11.2,39002.223,,13.05,33.7,48.2,
ethiopia,114963588.0,115.0,1000000.0,19.0,0.21,3.5260000000000002,2.063,182.63400000000001,7.47,26.7,0.4,1729.9270000000001,7.96,0.3,8.5,19.8,
philippines,109581078.0,368.0,298170.0,26.0,0.47,4.803,2.661,370.43699999999995,7.07,,7.8,7599.188,78.46300000000001,1.0,40.8,25.2,
egypt,102334404.0,103.0,995450.0,25.0,0.43,5.159,2.891,525.432,17.31,1.3,0.2,10550.206,89.82700000000001,1.6,50.1,25.3,
vietnam,97338579.0,314.0,310070.0,32.0,0.38,7.15,4.718,245.465,6.0,2.0,1.0,6171.884,85.84700000000001,2.6,45.9,32.6,
dr_congo,89561403.0,40.0,2267050.0,17.0,0.46,3.02,1.745,318.949,6.1,77.1,,808.133,4.4719999999999995,,,17.0,
turkey,84339067.0,110.0,769630.0,32.0,0.76,8.152999999999999,5.061,171.285,12.13,0.2,14.1,25129.341,,2.81,41.1,31.6,
iran,83992949.0,52.0,1628550.0,32.0,0.76,5.44,3.182,270.308,9.59,0.2,0.8,19082.62,,1.5,21.1,32.4,
germany,83783942.0,240.0,348560.0,46.0,0.76,21.453000000000003,15.957,156.139,8.31,,28.2,45229.245,,8.0,33.1,46.6,
thailand,69799978.0,137.0,510890.0,40.0,0.51,11.373,6.89,109.861,7.04,0.1,1.9,16277.671,90.67,2.1,38.8,40.1,
united_kingdom,67886011.0,281.0,241930.0,40.0,0.83,18.517,12.527000000000001,122.137,4.28,0.2,20.0,39753.244,,2.54,24.7,40.8,
france,65273511.0,119.0,547557.0,42.0,0.82,19.718,13.079,86.06,4.77,,30.1,38605.671,,5.98,35.6,42.0,
italy,60461826.0,206.0,294140.0,47.0,0.69,23.021,16.24,113.15100000000001,4.78,2.0,19.8,35220.084,,3.18,27.8,47.9,
tanzania,59734218.0,67.0,885800.0,18.0,0.37,3.108,1.874,217.28799999999998,5.75,49.1,3.3,2683.304,47.953,0.7,26.7,17.7,
south_africa,59308690.0,49.0,1213090.0,28.0,0.67,5.343999999999999,3.053,200.38,5.52,18.9,8.1,12294.876,43.993,2.32,33.2,27.3,
burma,54409800.0,83.0,653290.0,29.0,0.31,5.732,3.12,202.104,4.61,6.4,6.3,5591.597,79.28699999999999,0.9,35.2,29.1,79.24
kenya,53771296.0,94.0,569140.0,20.0,0.28,2.6860000000000004,1.528,218.637,2.92,36.8,1.2,2993.028,24.651,1.4,20.4,20.0,94.18
south_korea,51269185.0,527.0,97230.0,44.0,0.82,13.914000000000001,8.622,85.99799999999999,6.8,0.2,6.2,35938.373999999996,,12.27,40.9,43.4,
colombia,50882891.0,46.0,1109500.0,31.0,0.8,7.646,4.312,124.24,7.44,4.5,4.7,13254.948999999999,65.38600000000001,1.71,13.5,32.2,
spain,46754778.0,94.0,498800.0,45.0,0.8,19.436,13.799000000000001,99.40299999999999,7.17,1.0,27.4,34272.36,,2.97,31.4,45.5,83.07
uganda,45741007.0,229.0,199810.0,17.0,0.26,2.168,1.308,213.333,2.5,41.6,3.4,1697.707,21.221999999999998,0.5,16.7,16.4,
argentina,45195774.0,17.0,2736690.0,32.0,0.93,11.198,7.441,191.032,5.5,0.6,16.2,18933.907,,5.0,27.7,31.9,
algeria,43851044.0,18.0,2381740.0,29.0,0.73,6.211,3.8569999999999998,278.36400000000003,6.73,0.5,0.7,13913.839,83.741,1.9,30.4,29.1,
sudan,43849260.0,25.0,1765048.0,20.0,0.35,3.548,2.0340000000000003,431.38800000000003,15.67,,,4466.5070000000005,23.436999999999998,0.8,,19.7,
ukraine,43733762.0,75.0,579320.0,41.0,0.69,16.462,11.133,539.849,7.11,0.1,13.5,7894.393,,8.8,47.4,41.4,
iraq,40222493.0,93.0,434320.0,21.0,0.73,3.1860000000000004,1.9569999999999999,218.612,8.83,2.5,,15663.986,94.57600000000001,1.4,,20.0,
afghanistan,38928346.0,60.0,652860.0,18.0,0.25,2.5810000000000004,1.337,597.029,9.59,,,1803.987,37.746,0.5,,18.6,
poland,37846611.0,124.0,306230.0,42.0,0.6,16.762999999999998,10.202,227.331,5.91,,23.3,27216.445,,6.62,33.1,41.8,
canada,37742154.0,4.0,9093510.0,41.0,0.81,16.984,10.797,105.59899999999999,7.37,0.5,12.0,44017.59099999999,,2.5,16.6,41.4,
morocco,36910560.0,83.0,446300.0,30.0,0.64,6.769,4.209,419.14599999999996,7.14,1.0,0.8,7485.013000000001,,1.1,47.1,29.6,
saudi_arabia,34813871.0,16.0,2149690.0,32.0,0.84,3.295,1.845,259.538,17.72,,1.8,49045.41099999999,,2.7,25.4,31.9,
uzbekistan,33469203.0,79.0,425400.0,28.0,0.5,4.468999999999999,2.873,724.4169999999999,7.57,,1.3,6253.104,,4.0,24.7,28.2,
peru,32971854.0,26.0,1280000.0,31.0,0.79,7.151,4.455,85.755,5.95,3.5,4.8,12236.706,,1.6,,29.1,
angola,32866272.0,26.0,1246700.0,17.0,0.67,2.405,1.3619999999999999,276.045,3.94,,,5819.495,26.664,,,16.8,
malaysia,32365999.0,99.0,328550.0,30.0,0.78,6.292999999999999,3.407,260.942,16.74,0.1,1.0,26808.164,,1.9,42.4,29.9,74.2
mozambique,31255435.0,40.0,786380.0,18.0,0.38,3.158,1.87,329.94199999999995,3.3,62.9,5.1,1136.103,12.227,0.7,29.1,17.7,
ghana,31072940.0,137.0,227540.0,22.0,0.57,3.385,1.9480000000000002,298.245,4.97,12.0,0.3,4227.63,41.047,0.9,7.7,21.1,
yemen,29825964.0,56.0,527970.0,20.0,0.38,2.9219999999999997,1.5830000000000002,495.00300000000004,5.35,18.8,7.6,1479.1470000000002,49.542,0.7,29.2,20.3,
nepal,29136808.0,203.0,143350.0,25.0,0.21,5.809,3.2119999999999997,260.797,7.26,15.0,9.5,2442.804,47.782,0.3,37.8,25.0,
venezuela,28435940.0,32.0,882050.0,30.0,,6.614,3.915,204.85,6.47,,,16745.022,,0.8,,29.0,
madagascar,27691018.0,48.0,581795.0,20.0,0.39,2.929,1.686,405.994,3.94,77.6,,1416.44,50.54,0.2,,19.6,
cameroon,26545863.0,56.0,472710.0,19.0,0.56,3.165,1.919,244.66099999999997,7.2,23.8,,3364.926,2.735,1.3,,18.8,
cote_d'ivoire,26378274.0,83.0,318000.0,19.0,0.51,2.9330000000000003,1.5819999999999999,303.74,2.42,28.2,,3601.006,19.351,,,18.7,
north_korea,25778816.0,214.0,120410.0,35.0,0.63,,,,,,,,,,,,
australia,25499884.0,3.0,7682300.0,38.0,0.86,15.504000000000001,10.129,107.791,5.07,0.5,13.0,44648.71,,3.84,16.5,37.9,
niger,24206644.0,19.0,1266700.0,15.0,0.17,2.553,1.3780000000000001,238.33900000000003,2.42,44.5,0.1,926.0,8.978,0.3,15.4,15.1,
taiwan,23816775.0,673.0,35410.0,42.0,0.79,,8.353,103.95700000000001,,,,,,,,42.2,
sri_lanka,21413249.0,341.0,62710.0,34.0,0.18,10.068999999999999,5.331,197.093,10.68,0.7,0.3,11669.077,,3.6,27.0,34.1,
burkina_faso,20903273.0,76.0,273600.0,18.0,0.31,2.4090000000000003,1.358,269.048,2.42,43.7,1.6,1703.102,11.877,0.4,23.9,17.6,
mali,20250833.0,17.0,1220190.0,16.0,0.44,2.519,1.486,268.024,2.42,,1.6,2014.306,52.232,0.1,23.0,16.4,
romania,19237691.0,84.0,230170.0,43.0,0.55,17.85,11.69,370.94599999999997,9.74,5.7,22.9,23313.199,,6.892,37.1,43.0,
malawi,19129952.0,203.0,94280.0,18.0,0.18,2.9789999999999996,1.7830000000000001,227.34900000000002,3.94,71.4,4.4,1095.042,8.704,1.3,24.7,18.1,
chile,19116201.0,26.0,743532.0,35.0,0.85,11.087,6.938,127.993,8.46,1.3,34.2,22767.037,,2.11,41.5,35.4,
kazakhstan,18776707.0,7.0,2699700.0,31.0,0.58,6.9910000000000005,4.625,466.792,7.11,0.1,7.0,24055.588,98.999,6.7,43.1,30.6,
zambia,18383955.0,25.0,743390.0,18.0,0.45,2.48,1.5419999999999998,234.49900000000002,3.94,57.5,3.1,3689.2509999999997,13.937999999999999,2.0,24.7,17.7,
guatemala,17915568.0,167.0,107160.0,23.0,0.52,4.694,3.016,155.898,10.18,8.7,,7423.808000000001,76.665,0.6,,22.9,
ecuador,17643054.0,71.0,248360.0,28.0,0.63,7.104,4.458,140.44799999999998,5.55,3.6,2.0,10581.936000000002,80.635,1.5,12.3,28.1,
syria,17500658.0,95.0,183630.0,26.0,0.6,,2.577,376.264,,,,,70.598,1.5,,21.7,
netherlands,17134872.0,508.0,33720.0,43.0,0.92,18.779,11.880999999999998,109.361,5.29,,24.4,48472.545,,3.32,27.3,43.2,
senegal,16743927.0,87.0,192530.0,19.0,0.49,3.008,1.796,241.21900000000002,2.42,38.0,0.4,2470.58,20.859,,16.6,18.7,
cambodia,16718965.0,95.0,176520.0,26.0,0.24,4.412,2.385,270.892,4.0,,2.0,3645.07,66.229,0.8,33.7,25.6,
chad,16425864.0,13.0,1259200.0,17.0,0.23,2.4859999999999998,1.446,280.995,6.1,38.4,,1768.1529999999998,5.818,,,16.7,
somalia,15893222.0,25.0,627340.0,17.0,0.47,2.7310000000000003,1.496,365.769,6.05,,,,9.831,0.9,,16.8,
zimbabwe,14862924.0,38.0,386850.0,19.0,0.38,2.822,1.882,307.846,1.82,21.4,1.6,1899.775,36.791,1.7,30.7,19.6,
guinea,13132795.0,53.0,245720.0,18.0,0.39,3.135,1.733,336.717,2.42,35.3,,1998.9260000000002,17.45,0.3,,19.0,
rwanda,12952218.0,525.0,24670.0,20.0,0.18,2.9739999999999998,1.642,191.375,4.28,56.0,4.7,1854.211,4.617,,21.0,20.3,82.14
benin,12123200.0,108.0,112760.0,19.0,0.48,3.2439999999999998,1.942,235.84799999999998,0.99,49.6,0.6,2064.236,11.035,0.5,12.3,18.8,
burundi,11890784.0,463.0,25680.0,17.0,0.14,2.562,1.504,293.068,6.05,71.7,,702.225,6.144,0.8,,17.5,
tunisia,11818619.0,76.0,155360.0,33.0,0.7,8.001,5.075,318.991,8.52,2.0,1.1,10849.296999999999,78.687,2.3,65.8,32.7,
bolivia,11673021.0,11.0,1083300.0,26.0,0.69,6.704,4.393,204.299,6.89,7.1,,6885.829000000001,25.383000000000003,1.1,,25.4,
belgium,11589623.0,383.0,30280.0,42.0,0.98,18.570999999999998,12.849,114.898,4.29,0.2,25.1,42658.575999999994,,5.64,31.4,41.8,
haiti,11402528.0,414.0,27560.0,24.0,0.57,4.8,2.9539999999999997,430.548,6.65,23.5,2.9,1653.1729999999998,22.863000000000003,0.7,23.1,24.3,
cuba,11326616.0,106.0,106440.0,42.0,0.78,14.738,9.719,190.968,8.27,,17.1,,85.198,5.2,53.3,43.1,
south_sudan,11193725.0,18.0,610952.0,19.0,0.25,3.4410000000000003,2.032,280.775,10.43,,,1569.888,,,,19.2,
dominican_republic,10847910.0,225.0,48320.0,28.0,0.85,6.981,4.419,266.653,8.2,1.6,8.5,14600.861,55.181999999999995,1.6,19.1,27.6,
czech_republic,10708981.0,139.0,77240.0,43.0,0.74,19.027,11.58,227.485,6.82,,30.5,32605.906000000003,,6.63,38.3,43.3,
greece,10423054.0,81.0,128900.0,46.0,0.85,20.396,14.524000000000001,175.695,4.55,1.5,35.3,24574.382,,4.21,52.0,45.3,
jordan,10203134.0,115.0,88780.0,24.0,0.91,3.81,2.3609999999999998,208.257,11.75,0.1,,8337.49,,1.4,,23.2,
portugal,10196709.0,111.0,91590.0,46.0,0.66,21.502,14.924000000000001,127.84200000000001,9.85,0.5,16.3,27936.896,,3.39,30.0,46.2,
azerbaijan,10139177.0,123.0,82658.0,32.0,0.56,6.018,3.8710000000000004,559.812,7.11,,0.3,15847.419,83.241,4.7,42.5,32.4,
sweden,10099265.0,25.0,410340.0,41.0,0.88,19.985,13.433,133.982,4.79,0.5,18.8,46949.282999999996,,2.22,18.9,41.0,
honduras,9904607.0,89.0,111890.0,24.0,0.57,4.652,2.883,240.208,7.21,16.0,2.0,4541.795,84.169,0.7,,24.9,
united_arab_emirates,9890402.0,118.0,83600.0,33.0,0.86,1.1440000000000001,0.526,317.84,17.26,,1.2,67293.483,,1.2,37.4,34.0,
hungary,9660351.0,107.0,90530.0,43.0,0.72,18.577,11.975999999999999,278.296,7.55,0.5,26.8,26777.561,,7.02,34.8,43.4,
tajikistan,9537645.0,68.0,139960.0,22.0,0.27,3.466,2.155,427.69800000000004,7.11,4.8,,2896.913,72.704,4.8,,23.3,
belarus,9449323.0,47.0,202910.0,40.0,0.79,14.799000000000001,9.788,443.129,5.18,,10.5,17167.967,,11.0,46.1,40.3,
austria,9006398.0,109.0,82409.0,43.0,0.57,19.202,13.748,145.183,6.35,0.7,28.4,45436.685999999994,,7.37,30.9,44.4,
papua_new_guinea,8947024.0,20.0,452860.0,22.0,0.13,3.8080000000000003,2.142,561.494,17.65,,23.5,3823.1940000000004,,,48.8,22.6,
serbia,8737371.0,100.0,87460.0,42.0,0.56,17.366,,439.415,10.08,,37.7,14048.881000000001,97.719,5.609,40.2,41.2,
israel,8655535.0,400.0,21640.0,30.0,0.93,11.732999999999999,7.359,93.32,6.74,0.5,15.4,33132.32,,2.99,35.4,30.6,
switzerland,8654622.0,219.0,39516.0,43.0,0.74,18.436,12.644,99.73899999999999,5.59,,22.6,57410.166,,4.53,28.9,43.1,
togo,8278724.0,152.0,54390.0,19.0,0.43,2.839,1.525,280.033,6.15,49.2,0.9,1429.8129999999999,10.475,0.7,14.2,19.4,
sierra_leone,7976983.0,111.0,72180.0,19.0,0.43,2.5380000000000003,1.285,325.721,2.42,52.2,8.8,1390.3,19.275,,41.3,19.1,
hong_kong,7496981.0,7140.0,1050.0,45.0,,16.303,10.158,,8.33,,,56054.92,,,,44.8,67.85
laos,7275560.0,32.0,230800.0,24.0,0.36,4.029,2.322,368.111,4.0,22.7,7.3,6397.36,49.839,1.5,51.2,24.4,
paraguay,7132538.0,18.0,397300.0,26.0,0.62,6.377999999999999,3.833,199.128,8.27,1.7,5.0,8827.01,79.602,1.3,21.6,26.5,
bulgaria,6948445.0,64.0,108560.0,45.0,0.76,20.801,13.272,424.68800000000005,5.81,1.5,30.1,18563.307,,7.454,44.4,44.7,
libya,6871292.0,4.0,1759540.0,29.0,0.78,4.4239999999999995,2.8160000000000003,341.86199999999997,10.43,,,17881.509,,3.7,,29.0,
lebanon,6825445.0,667.0,10230.0,30.0,0.78,8.514,5.43,266.591,12.71,,26.9,13367.565,,2.9,40.7,31.1,
nicaragua,6624554.0,55.0,120340.0,26.0,0.57,5.445,3.5189999999999997,137.016,11.47,3.2,,5321.444,,0.9,,27.3,
kyrgyzstan,6524195.0,34.0,191800.0,26.0,0.36,4.489,2.8819999999999997,436.36199999999997,7.11,1.4,3.6,3393.474,89.22,4.5,50.5,26.3,
el_salvador,6486205.0,313.0,20720.0,28.0,0.73,8.273,5.417000000000001,167.295,8.87,2.2,2.5,7292.4580000000005,90.65,1.3,18.8,27.6,
turkmenistan,6031200.0,13.0,469930.0,27.0,0.53,,,,,,,,,,,,
singapore,5850342.0,8358.0,700.0,42.0,,12.922,7.0489999999999995,92.243,10.99,,5.2,85535.383,,2.4,28.3,42.4,
denmark,5792202.0,137.0,42430.0,42.0,0.88,19.677,12.325,114.76700000000001,6.41,0.2,19.3,46682.515,,2.5,18.8,42.3,
finland,5540720.0,18.0,303890.0,43.0,0.86,21.228,13.264000000000001,153.507,5.76,,18.3,40585.721,,3.28,22.6,42.8,
congo,5518087.0,16.0,341500.0,19.0,0.7,3.4019999999999997,2.063,344.094,7.2,37.0,1.7,4881.406,47.964,,52.3,19.0,
slovakia,5459642.0,114.0,48088.0,41.0,0.54,15.07,9.167,287.959,7.29,0.7,23.1,30155.152000000002,,5.82,37.7,41.2,
norway,5421241.0,15.0,365268.0,40.0,0.83,16.820999999999998,10.812999999999999,114.316,5.31,0.2,19.6,64800.057,,3.6,20.7,39.7,
oman,5106626.0,16.0,309500.0,31.0,0.87,2.355,1.53,266.342,12.61,,0.5,37960.709,97.4,1.6,15.6,30.7,85.72
palestine,5101414.0,847.0,6020.0,21.0,0.8,3.043,1.726,265.91,10.59,1.0,,4449.898,,,,20.4,
costa_rica,5094118.0,100.0,51060.0,33.0,0.8,9.468,5.694,137.97299999999998,8.78,1.3,6.4,15524.995,83.84100000000001,1.13,17.4,33.6,
liberia,5057681.0,53.0,96320.0,19.0,0.53,3.057,1.756,272.509,2.42,38.6,1.5,752.788,1.188,0.8,18.1,19.2,
ireland,4937786.0,72.0,68890.0,38.0,0.63,13.927999999999999,8.677999999999999,126.459,3.28,0.2,23.0,67335.293,,2.96,25.7,38.7,
central_african_republic,4829767.0,8.0,622980.0,18.0,0.43,3.655,2.251,435.727,6.1,,,661.24,16.602999999999998,1.0,,18.3,
new_zealand,4822233.0,18.0,263310.0,38.0,0.87,15.322000000000001,9.72,128.797,8.08,,14.8,36085.843,,2.61,17.2,37.9,
mauritania,4649658.0,5.0,1030700.0,20.0,0.57,3.138,1.7919999999999998,232.347,2.42,6.0,,3597.633,15.95,,,20.3,
panama,4314767.0,58.0,74340.0,30.0,0.68,7.917999999999999,5.03,128.346,8.33,2.2,2.4,22267.037,,2.3,9.9,29.7,
kuwait,4270571.0,240.0,17820.0,37.0,,2.345,1.114,132.235,15.84,,2.7,65530.537000000004,,2.0,37.0,33.7,
croatia,4105267.0,73.0,55960.0,44.0,0.58,19.724,13.052999999999999,253.782,5.59,0.7,34.3,22669.797000000002,,5.54,39.9,44.0,
moldova,4033963.0,123.0,32850.0,38.0,0.43,10.864,6.955,408.50199999999995,5.72,0.2,5.9,5189.972,86.979,5.8,44.6,37.6,
georgia,3989167.0,57.0,69490.0,38.0,0.58,14.864,10.244000000000002,496.218,7.11,4.2,5.3,9745.079,,2.6,55.5,38.7,
eritrea,3546421.0,35.0,101000.0,19.0,0.63,3.6069999999999998,2.171,311.11,6.05,,0.2,1510.4589999999998,,0.7,11.4,19.3,
uruguay,3473730.0,20.0,175020.0,36.0,0.96,14.655,10.360999999999999,160.708,6.93,0.1,14.0,20551.409,,2.8,19.9,35.6,
bosnia_and_herzegovina,3280819.0,64.0,51000.0,43.0,0.52,16.569000000000003,10.710999999999999,329.635,10.08,0.2,30.2,11713.895,97.164,3.5,47.7,42.5,
mongolia,3278290.0,2.0,1553560.0,28.0,0.67,4.031000000000001,2.421,460.043,4.82,0.5,5.5,11840.846000000001,71.18,7.0,46.5,28.6,
armenia,2963243.0,104.0,28470.0,35.0,0.63,11.232000000000001,7.571000000000001,341.01,7.11,1.8,1.5,8787.58,94.04299999999999,4.2,52.1,35.7,
jamaica,2961167.0,273.0,10830.0,31.0,0.55,9.684,6.39,206.537,11.28,,5.3,8193.571,66.425,1.7,28.6,31.4,
qatar,2881053.0,248.0,11610.0,32.0,0.96,1.307,0.617,176.69,16.52,,0.8,116935.6,,1.2,26.9,31.9,
albania,2877797.0,105.0,27400.0,36.0,0.63,13.187999999999999,8.642999999999999,304.195,10.08,1.1,7.1,11803.431,,2.89,51.2,38.0,
puerto_rico,2860853.0,323.0,8870.0,44.0,,15.168,9.829,108.094,12.9,,,35044.67,,,,38.2,
lithuania,2722289.0,43.0,62674.0,45.0,0.71,19.002,13.777999999999999,342.98900000000003,3.67,0.7,21.3,29524.265,,6.56,38.0,43.5,
namibia,2540905.0,3.0,823290.0,22.0,0.55,3.552,2.085,243.81099999999998,3.94,13.4,9.7,9541.808,44.6,,34.2,22.0,
gambia,2416668.0,239.0,10120.0,18.0,0.59,2.339,1.4169999999999998,331.43,1.91,10.1,0.7,1561.767,7.876,1.1,31.2,17.5,
botswana,2351627.0,4.0,566730.0,24.0,0.73,3.9410000000000003,2.242,237.372,4.81,,5.7,15807.374,,1.8,34.4,25.8,
gabon,2225734.0,9.0,257670.0,23.0,0.87,4.45,2.9760000000000004,259.967,7.2,3.4,,16562.413,,6.3,,23.1,
lesotho,2142249.0,71.0,30360.0,24.0,0.31,4.506,2.647,405.126,3.94,59.6,0.4,2851.153,2.117,,53.9,22.2,
north_macedonia,2083374.0,83.0,25220.0,39.0,0.59,13.26,8.16,322.688,10.08,5.0,,13111.214,,4.28,,39.1,
slovenia,2078938.0,103.0,20140.0,45.0,0.55,19.062,12.93,153.493,7.25,,20.1,31400.84,,4.5,25.0,44.5,61.25
guinea-bissau,1968001.0,70.0,28120.0,19.0,0.45,3.002,1.565,382.474,2.42,67.1,,1548.675,6.403,,,19.4,
latvia,1886198.0,30.0,62200.0,44.0,0.69,19.754,14.136,350.06,4.91,0.7,25.6,25063.846,,5.57,51.0,43.9,
bahrain,1701575.0,2239.0,760.0,32.0,0.89,2.372,1.3869999999999998,151.689,16.52,,5.8,43290.705,,2.0,37.6,32.4,
equatorial_guinea,1402985.0,50.0,28050.0,22.0,0.73,2.846,1.7519999999999998,202.812,7.78,,,22604.873,24.64,2.1,,22.4,
trinidad_and_tobago,1399488.0,273.0,5130.0,36.0,0.52,10.014,5.819,228.467,10.97,,,28763.071,89.443,3.0,,36.2,
estonia,1326535.0,31.0,42390.0,42.0,0.68,19.452,13.491,255.56900000000002,4.02,0.5,24.5,29481.252,,4.69,39.3,42.7,
timor,1318445.0,89.0,14870.0,21.0,0.33,3.556,1.8969999999999998,335.346,6.86,30.3,6.3,6570.102,28.178,5.9,78.1,18.0,
mauritius,1271768.0,626.0,2030.0,37.0,0.41,10.945,5.8839999999999995,224.644,22.02,0.5,3.2,20292.745,,3.4,40.7,37.4,
cyprus,1207359.0,131.0,9240.0,37.0,0.67,13.415999999999999,8.562999999999999,141.171,9.24,,19.6,32415.132,,3.4,52.7,37.3,
swaziland,1160164.0,67.0,17200.0,21.0,0.3,3.1630000000000003,1.845,333.436,3.94,,1.7,7738.975,24.096999999999998,2.1,16.5,21.5,
djibouti,988000.0,43.0,23180.0,27.0,0.79,4.213,2.38,258.03700000000003,6.05,22.5,1.7,2705.406,,1.4,24.5,25.4,61.37
fiji,896445.0,49.0,18270.0,28.0,0.59,6.224,3.284,412.82,14.49,1.4,10.2,8702.975,,2.3,34.8,28.6,
reunion,895312.0,358.0,2500.0,36.0,1.0,,,,,,,,,,,,
comoros,869601.0,467.0,1861.0,20.0,0.29,2.963,1.726,261.51599999999996,11.88,18.1,4.4,1413.89,15.574000000000002,2.2,23.6,20.4,
guyana,786552.0,4.0,196850.0,27.0,0.27,5.305,2.8369999999999997,373.159,11.62,,,7435.047,77.15899999999999,1.6,,26.3,
bhutan,771608.0,20.0,38117.0,28.0,0.46,4.885,2.977,217.06599999999997,9.75,1.5,,8708.597,79.807,1.7,,28.6,
solomon_islands,686884.0,25.0,27990.0,20.0,0.23,,,,,,,,,,,,
macao,649335.0,21645.0,30.0,39.0,,,,,,,,,,,,,
montenegro,628066.0,47.0,13450.0,39.0,0.68,14.762,9.395,387.305,10.08,1.0,44.0,16409.288,,3.861,47.9,39.1,
luxembourg,625978.0,242.0,2590.0,40.0,0.88,14.312000000000001,9.842,128.275,4.42,0.2,20.9,94277.965,,4.51,26.0,39.7,
western_sahara,597339.0,2.0,266000.0,28.0,0.87,,1.38,,,,,,,,,28.4,
suriname,586632.0,4.0,156000.0,29.0,0.65,6.933,4.229,258.314,12.54,,7.4,13767.118999999999,67.779,3.1,42.9,29.6,
cape_verde,555987.0,138.0,4030.0,28.0,0.68,4.46,3.437,182.21900000000002,2.42,,2.1,6222.554,,2.1,16.5,25.7,
maldives,540544.0,1802.0,300.0,30.0,0.35,4.12,2.875,164.905,9.19,,2.1,15183.616000000002,95.803,,55.0,30.6,
malta,441543.0,1380.0,320.0,43.0,0.93,19.426,11.324000000000002,168.71099999999998,8.83,0.2,20.9,36513.323,,4.485,30.2,42.4,
brunei,437479.0,83.0,5270.0,32.0,0.8,4.591,2.3819999999999997,201.285,12.79,,2.0,71809.25099999999,,2.7,30.9,32.4,
guadeloupe,400124.0,237.0,1690.0,44.0,,,,,,,,,,,,,
belize,397628.0,17.0,22810.0,25.0,0.46,3.853,2.279,176.957,17.11,,,7824.361999999999,90.083,1.3,,25.0,
bahamas,393244.0,39.0,10010.0,32.0,0.86,8.996,5.2,235.954,13.17,,3.1,27717.847,,2.9,20.4,34.3,
martinique,375265.0,354.0,1060.0,47.0,0.92,,,,,,,,,,,,
iceland,341243.0,3.0,100250.0,37.0,0.94,14.431,9.207,117.992,5.31,0.2,14.3,46482.958,,2.91,15.2,37.3,
vanuatu,307145.0,25.0,12190.0,21.0,0.24,,,,,,,,,,,,
french_guiana,298682.0,4.0,82200.0,25.0,0.87,,,,,,,,,,,,
barbados,287375.0,668.0,430.0,40.0,0.31,14.952,9.472999999999999,170.05,13.57,,1.9,16978.068,88.469,5.8,14.5,39.8,
new_caledonia,285498.0,16.0,18280.0,34.0,0.72,9.954,6.489,,23.36,,,,,,,33.4,
french_polynesia,280908.0,77.0,3660.0,34.0,0.64,7.775,4.593,,22.63,,,,,,,32.7,
mayotte,272815.0,728.0,375.0,20.0,0.46,,,,,,,,,,,,
sao_tome_and_principe,219159.0,228.0,960.0,19.0,0.74,2.886,2.162,270.113,2.42,32.3,,3052.7140000000004,41.34,2.9,,18.7,
samoa,198414.0,70.0,2830.0,22.0,0.18,,,,,,,,,,,,
saint_lucia,183627.0,301.0,610.0,34.0,0.19,9.721,6.405,204.62,11.62,,,12951.839,87.20200000000001,1.3,,34.9,
channel_islands,173863.0,915.0,190.0,43.0,0.3,,,,,,,,,,,,
guam,168775.0,313.0,540.0,31.0,0.95,9.551,5.492999999999999,310.496,21.52,,,,,,,31.4,
curacao,164093.0,370.0,444.0,42.0,0.89,16.367,10.068,,11.62,,,,,,,41.7,
kiribati,119449.0,147.0,810.0,23.0,0.57,,,,,,,,,,,,
micronesia,115023.0,164.0,700.0,24.0,0.21,,,,,,,,,,,,
grenada,112523.0,331.0,340.0,32.0,0.35,7.303999999999999,5.021,243.96400000000003,10.71,,,13593.877,,3.7,,29.4,
saint_vincent_and_the_grenadines,110940.0,284.0,390.0,33.0,0.53,7.724,4.832,252.675,11.62,,,10727.146,,2.6,,31.8,
aruba,106766.0,593.0,180.0,41.0,0.44,13.085,7.452000000000001,,11.62,,,35973.781,,,,41.2,
tonga,105695.0,147.0,720.0,22.0,0.24,,,,,,,,,,,,
us_virgin_islands,104425.0,298.0,350.0,43.0,0.96,18.601,10.799000000000001,273.67,12.26,,,,,,,42.2,
seychelles,98347.0,214.0,460.0,34.0,0.56,8.606,5.586,242.648,10.55,1.1,7.1,26382.287,,3.6,35.7,36.2,65.87
antigua_and_barbuda,97929.0,223.0,440.0,34.0,0.26,6.933,4.631,191.511,13.17,,,21490.943,,3.8,,32.1,
isle_of_man,85033.0,149.0,570.0,,0.53,,,,,,,,,,,,
andorra,77265.0,164.0,470.0,,0.88,,,109.135,7.97,,29.0,,,,37.8,,
dominica,71986.0,96.0,750.0,,0.74,,,227.37599999999998,11.62,,,9673.367,,3.8,,,
cayman_islands,65722.0,274.0,240.0,,0.97,,,,13.22,,,49903.029,,,,,
bermuda,62278.0,1246.0,50.0,,0.97,,,139.547,13.0,,,50669.315,,,,,
marshall_islands,59190.0,329.0,180.0,,0.7,,,,,,,,,,,,
northern_mariana_islands,57559.0,125.0,460.0,,0.88,,,194.99400000000003,,,,,,,,,
greenland,56770.0,0.0,410450.0,,0.87,,,199.94099999999997,2.16,,,,,,,,
american_samoa,55191.0,276.0,200.0,,0.88,,,,,,,,,,,,
saint_kitts_and_nevis,53199.0,205.0,260.0,,0.33,,,,12.84,,,24654.385,,2.3,,,
faeroe_islands,48863.0,35.0,1396.0,,0.43,,,,,,,,,,,,
sint_maarten,42876.0,1261.0,34.0,,0.96,,,,,,,36327.232,,,,,
monaco,39242.0,26337.0,1.0,,,,,,5.46,,,,,13.8,,,
turks_and_caicos,38717.0,41.0,950.0,,0.89,,,,,,,,,,,,
saint_martin,38666.0,730.0,53.0,,0.0,,,,,,,,,,,,
liechtenstein,38128.0,238.0,160.0,,0.15,,,,7.77,,,,,2.397,,,
san_marino,33931.0,566.0,60.0,,0.97,,,,5.64,,,56861.47,,3.8,,,
gibraltar,33691.0,3369.0,10.0,,,,,,,,,,,,,,
british_virgin_islands,30231.0,202.0,150.0,,0.52,,,,13.67,,,,,,,,
caribbean_netherlands,26223.0,80.0,328.0,,0.75,,,,,,,,,,,,
palau,18094.0,39.0,460.0,,,,,,,,,,,,,,
cook_islands,17564.0,73.0,240.0,,0.75,,,,,,,,,,,,
anguilla,15003.0,167.0,90.0,,,,,,,,,,,,,,
tuvalu,11792.0,393.0,30.0,,0.62,,,,,,,,,,,,
wallis_andamp;_futuna,11239.0,80.0,140.0,,0.0,,,,,,,,,,,,
nauru,10824.0,541.0,20.0,,,,,,,,,,,,,,
saint_barthelemy,9877.0,470.0,21.0,,0.0,,,,,,,,,,,,
saint_helena,6077.0,16.0,390.0,,0.27,,,,,,,,,,,,
saint_pierre_and_miquelon,5794.0,25.0,230.0,,1.0,,,,,,,,,,,,
montserrat,4992.0,50.0,100.0,,0.1,,,,,,,,,,,,
falkland_islands,3480.0,0.0,12170.0,,0.66,,,,,,,,,,,,
niue,1626.0,6.0,260.0,,0.46,,,,,,,,,,,,
tokelau,1357.0,136.0,10.0,,0.0,,,,,,,,,,,,
holy_see,801.0,2003.0,0.0,,,,,,,,,,,,,,
